{
  "best_global_step": 175,
  "best_metric": 5.823057651519775,
  "best_model_checkpoint": "d:\\Arabinda\\AI Inv PR2\\backend\\ml-service\\artifacts-smoke\\regressor\\checkpoint-175",
  "epoch": 1.0,
  "eval_steps": 500,
  "global_step": 175,
  "is_hyper_param_search": false,
  "is_local_process_zero": true,
  "is_world_process_zero": true,
  "log_history": [
    {
      "epoch": 0.2857142857142857,
      "grad_norm": 7.879586696624756,
      "learning_rate": 1.4400000000000001e-05,
      "loss": 40.9657666015625,
      "step": 50
    },
    {
      "epoch": 0.5714285714285714,
      "grad_norm": 11.81629753112793,
      "learning_rate": 8.685714285714287e-06,
      "loss": 43.6739208984375,
      "step": 100
    },
    {
      "epoch": 0.8571428571428571,
      "grad_norm": 12.624178886413574,
      "learning_rate": 2.9714285714285716e-06,
      "loss": 40.66968017578125,
      "step": 150
    },
    {
      "epoch": 1.0,
      "eval_loss": 42.345157623291016,
      "eval_mae": 5.823057651519775,
      "eval_rmse": 6.507315993402217,
      "eval_runtime": 0.2384,
      "eval_samples_per_second": 1258.582,
      "eval_steps_per_second": 159.42,
      "step": 175
    }
  ],
  "logging_steps": 50,
  "max_steps": 175,
  "num_input_tokens_seen": 0,
  "num_train_epochs": 1,
  "save_steps": 500,
  "stateful_callbacks": {
    "TrainerControl": {
      "args": {
        "should_epoch_stop": false,
        "should_evaluate": false,
        "should_log": false,
        "should_save": true,
        "should_training_stop": true
      },
      "attributes": {}
    }
  },
  "total_flos": 108595200.0,
  "train_batch_size": 8,
  "trial_name": null,
  "trial_params": null
}
